ID,X,Y,angle,primary_function,secondary_function,expert_primary,expert_secondary
0,114.0545018,22.54549148,0,7,,10,
1,114.0545018,22.54549148,270,10,7,10,
2,114.113277,22.54636479,0,2,,2,
3,114.1160315,22.54573465,270,2,1,2,1
4,113.8871661,22.48731745,0,1,,1,
5,113.9124755,22.48719842,180,9,2,9,
6,113.9151808,22.48884682,270,1,,1,
7,114.1177057,22.55273194,180,2,3,2,
8,114.0979397,22.5536782,0,5,,5,
9,114.0365044,22.55473782,90,1,,1,
10,114.1423,22.55508209,270,2,,2,
11,114.2318084,22.55440699,180,6,,1,
12,114.0310493,22.55574538,0,2,,2,
13,113.8598932,22.55724982,180,2,,2,
14,113.9793714,22.55713783,180,4,,2,4
15,113.8590698,22.55748138,0,7,,7,
16,113.959467,22.55806957,0,2,,4,
17,113.959467,22.55806957,180,2,,2,
18,113.9884449,22.55908834,180,1,,1,
19,114.0986384,22.55888548,90,2,1,2,1
20,114.2354229,22.55840679,180,4,,1,
21,114.2389756,22.55845858,0,1,2,1,2
22,113.9477204,22.55952688,90,1,,1,
23,114.0644409,22.5600073,270,3,2,3,2
24,114.086201,22.55999286,270,8,,7,
25,113.875074,22.56155469,90,8,,8,
26,113.8960825,22.56185093,90,1,,1,
27,114.0401278,22.56124193,0,5,,1,
28,113.8797946,22.56290424,0,8,,10,
29,113.8797946,22.56290424,270,8,,7,
30,114.0336628,22.56299858,0,2,1,2,1
31,114.1395962,22.56242411,270,8,,9,8
32,113.9079024,22.56338047,180,1,2,1,2
33,113.8491086,22.56481304,90,2,7,2,
34,114.09067,22.56435599,180,2,,2,
35,114.1621965,22.56469693,90,1,,1,
36,114.2390874,22.56420908,90,1,,1,
37,113.8988528,22.56519571,180,1,10,1,10
38,114.0989652,22.56575804,90,2,,2,
39,114.1033512,22.56530147,270,2,,2,
40,114.1571054,22.56577296,90,1,,1,
41,114.0309347,22.56632295,90,2,,4,
42,113.9225517,22.56708565,0,1,,1,
43,114.025351,22.56753231,0,5,,5,
44,114.085256,22.56726224,270,2,1,2,1
45,114.1143567,22.56711394,90,10,1,10,1
46,114.1324334,22.56834556,270,5,,5,
47,113.9224125,22.49746119,90,1,,1,
48,114.0300462,22.56963776,0,10,1,10,1
49,114.1657897,22.5697266,180,1,10,1,10
50,114.0500437,22.57068707,270,1,,1,
51,114.136908,22.57075639,90,1,10,1,
52,114.1657911,22.57061817,90,4,,4,
53,114.4878086,22.56984174,270,1,,1,
54,113.9350562,22.57100656,270,4,2,2,
55,114.0380896,22.57111242,90,8,,8,
56,114.084094,22.57137256,90,10,,10,
57,114.0852545,22.57115692,0,10,,10,
58,114.0870427,22.57104541,0,1,,2,
59,114.1045456,22.57180926,0,2,,4,2
60,114.1196735,22.57101002,270,2,,2,
61,113.8510343,22.57244383,180,1,,1,
62,114.0490618,22.57215518,180,1,,1,
63,114.0562984,22.57206314,270,2,,2,
64,113.9107346,22.57367269,0,7,,4,
65,113.9133831,22.57315458,90,5,,5,
66,113.9594685,22.57350003,0,1,,1,
67,114.0780154,22.57293766,0,2,,2,
68,114.1305496,22.57291945,270,1,,1,
69,113.8582783,22.57438125,270,3,,3,
70,113.8943008,22.57462673,270,6,,6,
71,114.0563047,22.57405125,0,3,2,3,2
72,114.0685858,22.57411603,180,10,1,10,1
73,113.8483586,22.57482722,270,2,,2,
74,113.9222595,22.57497457,0,4,1,3,
75,113.9233025,22.57552416,270,4,1,2,
76,114.0543186,22.57504692,90,2,,2,
77,114.1215566,22.57502815,270,2,,2,
78,114.1332597,22.57558196,270,1,,1,
79,114.4843949,22.57465745,180,7,,7,
80,114.0553932,22.57669357,180,2,,2,
81,114.1314134,22.5765155,180,6,,7,
82,113.9314685,22.50029508,0,5,,5,
83,113.8524596,22.57714763,90,1,,1,
84,113.9053042,22.57733741,90,2,,2,
85,114.1196497,22.5768615,0,2,,7,2
86,114.1304598,22.57694227,180,6,,7,
87,113.8788962,22.50122742,90,10,,10,
88,113.9096154,22.57799725,0,1,,1,
89,113.9206313,22.57800357,180,4,,4,
90,113.90684,22.57930376,0,4,10,4,10
91,113.9359458,22.57968903,180,2,,4,
92,114.1313638,22.57936672,180,6,1,6,1
93,113.8879848,22.57975607,270,1,,1,
94,113.9187183,22.57985208,180,2,,2,
95,114.4858443,22.5795836,0,4,,4,
96,113.9232408,22.58130134,270,4,,7,
97,113.96487,22.58136606,270,4,,4,
98,114.1215855,22.58084538,90,2,1,2,1
99,114.2653512,22.58211749,90,10,,4,
100,113.8779883,22.58330211,270,2,3,3,
101,113.8861607,22.58278301,270,2,,2,
102,113.9530106,22.58283281,180,1,,1,
103,114.1332324,22.58341656,90,1,,1,
104,114.2653143,22.58302364,0,2,1,2,
105,113.8490652,22.58419661,90,1,,1,
106,113.878023,22.58422249,180,2,3,2,
107,114.1069848,22.58372841,90,4,,4,
108,114.1171412,22.58426041,270,2,,2,
109,114.1731302,22.58427915,90,9,,9,
110,113.8444409,22.58451075,180,9,,9,
111,113.8861291,22.58468152,270,2,1,2,1
112,113.9544084,22.58513623,180,1,,1,
113,113.9603564,22.58482969,270,2,,2,
114,114.1151837,22.58515419,270,1,,1,
115,113.8534715,22.58576063,90,4,1,4,1
116,113.8545032,22.58615289,270,1,,1,
117,113.8862626,22.58574645,270,9,,9,
118,113.9350399,22.5857989,180,1,5,1,
119,114.1694181,22.586125,90,9,,9,
120,114.2590398,22.58555574,0,1,,1,
121,114.2714929,22.58565705,0,3,,3,
122,113.85372,22.58653303,270,4,1,4,1
123,113.888912,22.58715743,180,5,,5,
124,113.8898164,22.5866207,0,1,,1,
125,113.9033393,22.58717101,0,10,,10,
126,113.9494429,22.58668809,270,2,1,2,1
127,114.2714641,22.58647084,180,3,,4,
128,113.8754142,22.587593,90,2,,1,
129,113.8915903,22.5876316,0,4,1,4,1
130,113.9755948,22.5881577,0,8,,7,
131,114.2555231,22.58761089,180,7,4,7,
132,114.269767,22.58737861,270,9,,9,
133,113.8889274,22.58910461,0,1,2,1,2
134,113.9142031,22.58912253,0,1,,1,
135,113.9459819,22.58866409,270,1,2,1,3
136,113.9884236,22.58914906,180,2,,2,
137,113.9911084,22.58862444,0,1,,1,
138,114.1070026,22.59345754,90,8,1,1,8
139,113.9675292,22.5944239,0,7,,10,
140,113.9938694,22.59493677,180,2,1,2,1
141,113.9974838,22.59495132,270,2,1,7,1
142,113.9992743,22.59497998,0,4,2,2,
143,114.1190594,22.59524749,180,5,,5,
144,114.2382489,22.59479849,90,10,,10,
145,113.8482495,22.59516413,90,1,,1,
146,113.8779299,22.595866,90,1,2,1,2
147,114.0479337,22.59579597,180,10,,10,
148,114.2473867,22.59583416,90,5,,4,
149,113.993034,22.59647306,180,1,,1,
150,114.1123656,22.59643077,90,1,,1,
151,114.2454732,22.59669576,180,2,1,2,1
152,113.8770849,22.59738474,0,2,,2,
153,113.8789726,22.59730631,180,2,1,2,1
154,114.2961424,22.59757148,180,1,,1,
155,114.3005337,22.59709316,180,2,1,2,1
156,113.9940034,22.59900319,180,7,,7,
157,113.999549,22.59849743,180,2,4,2,
158,114.1006609,22.59879864,90,1,,1,
159,114.1088011,22.59814775,0,1,2,1,2
160,114.1685086,22.59821331,180,1,,1,
161,114.3003732,22.59782884,270,1,2,1,2
162,114.3034119,22.59862574,90,3,,3,
163,113.8771312,22.59927815,270,1,2,1,2
164,114.1151721,22.59977304,90,10,,10,
165,114.119756,22.59931217,270,1,,1,
166,114.2374529,22.59899119,180,4,,4,
167,114.2436747,22.5993272,0,4,,4,
168,114.4679032,22.59928787,90,3,10,1,
169,114.470778,22.59845524,90,7,,2,
170,114.0382827,22.60020272,0,1,,1,
171,114.0445447,22.60078406,90,10,,10,
172,114.0482091,22.60076371,0,1,2,1,2
173,114.1296311,22.60063811,0,1,2,1,2
174,114.296904,22.60021881,0,5,,5,
175,114.2988069,22.59992586,90,5,,7,
176,114.301724,22.60015493,0,3,,3,
177,114.3083409,22.59992338,270,10,,10,
178,114.3090599,22.6005828,180,3,,2,
179,114.3100477,22.60026012,0,3,,9,
180,114.3104334,22.60083383,180,3,,7,
181,114.2980754,22.6015715,180,5,,5,
182,114.2989024,22.60095928,0,8,,7,
183,114.2989024,22.60095928,90,5,,2,
184,114.4726308,22.60058795,90,5,,5,
185,113.997486,22.60270579,270,8,1,8,1
186,114.0261941,22.6030889,270,1,,1,
187,114.1034019,22.60203902,270,1,,1,
188,114.3060886,22.60198299,90,3,,6,
189,114.306981,22.60236015,90,3,,7,
190,113.8623155,22.60295822,270,10,,10,
191,113.9720465,22.60360533,0,9,,9,
192,114.005803,22.60309257,0,10,,10,
193,114.037567,22.60395038,270,10,,10,
194,114.1042888,22.603591,270,1,,1,
195,114.112349,22.60319427,90,2,,2,
196,114.3095853,22.60298417,90,8,,8,
197,114.3179456,22.60347386,90,3,,3,
198,114.4707705,22.60250646,270,7,,7,
199,114.5025211,22.6028962,180,1,,1,
200,113.8554334,22.60408938,0,6,2,6,2
201,113.9976439,22.60462921,180,8,,4,
202,114.1305417,22.60411264,0,1,2,1,2
203,114.3182108,22.60420624,180,3,2,3,2
204,114.3187894,22.60370997,270,3,,3,
205,114.3234106,22.60413232,180,9,,9,
206,114.3234106,22.60413232,270,3,,2,
207,114.3396974,22.60411284,0,7,10,1,
208,114.0265326,22.60568624,0,1,,1,
209,114.0518332,22.60555874,0,2,,2,
210,114.1032635,22.60500087,0,1,,1,
211,114.2969861,22.60500544,0,1,,1,
212,113.8273234,22.60649961,90,4,,1,
213,113.8681178,22.6061092,180,4,,1,
214,114.0245657,22.60653025,0,1,5,1,5
215,114.0535186,22.6066333,90,2,,2,
216,114.0963024,22.60616981,0,1,,1,
217,113.8517507,22.60706444,0,1,2,1,2
218,114.0603096,22.60685307,270,5,,5,
219,114.1512069,22.60749549,0,1,2,1,2
220,114.323184,22.60696539,0,8,,3,
221,113.877224,22.47020758,90,10,,10,
222,114.0590294,22.60849828,180,1,,1,
223,114.0997317,22.60799915,90,7,9,9,
224,113.8571433,22.60892132,0,2,,2,
225,114.1459308,22.60948752,180,1,,1,
226,114.1468362,22.60895332,270,1,2,1,2
227,114.1540079,22.60900647,270,1,2,1,2
228,114.0233911,22.60968132,90,7,,2,
229,114.0599308,22.60975928,90,4,,2,
230,114.1241996,22.610432,0,7,,7,
231,114.1341813,22.61001991,0,1,,1,
232,114.1359688,22.60993055,180,1,,1,
233,114.1450235,22.60984862,270,4,1,4,1
234,114.0211381,22.61120306,0,2,,2,
235,114.0252421,22.61070102,0,10,,10,
236,114.0264445,22.61143918,0,10,,10,
237,114.362251,22.6106461,270,9,,9,
238,114.1196552,22.61186287,90,2,,2,
239,114.1404856,22.61239673,180,1,,1,
240,114.1411946,22.61184253,90,5,,5,
241,114.1595372,22.61157164,90,2,,2,
242,113.9330221,22.51099463,270,1,,1,
243,114.1268787,22.61278789,0,1,,1,
244,114.0608441,22.61434918,90,7,,4,
245,114.0481893,22.51149203,0,2,1,2,1
246,114.0952679,22.61434657,180,1,,1,
247,114.0499531,22.51148987,270,1,,1,
248,114.1196629,22.61385126,0,1,,1,
249,114.0516888,22.51147503,0,2,,2,
250,114.1565492,22.61447392,180,2,1,2,1
251,113.8163961,22.61519102,0,10,,4,
252,113.8498932,22.61490366,0,1,,1,
253,114.0166007,22.61494052,0,4,,4,
254,114.0237304,22.61483654,270,10,,10,
255,114.0246276,22.61527009,180,10,,10,
256,114.0455297,22.61483481,90,4,,4,
257,114.1324992,22.61488295,180,2,,10,
258,114.3885052,22.61489794,90,9,,9,
259,114.0264706,22.61649072,180,2,,2,
260,114.0372176,22.61621724,270,1,,1,
261,114.0572258,22.61633627,90,2,,2,
262,114.0626339,22.61628455,270,5,,5,
263,114.1061508,22.61619289,0,10,,10,
264,114.385056,22.61582962,180,4,,4,
265,114.0255911,22.61662318,180,2,,2,
266,114.0264226,22.61718852,0,1,2,1,2
267,114.0280308,22.61762859,0,2,1,2,1
268,114.0472009,22.616775,180,4,,4,
269,114.1115131,22.61718885,180,1,2,1,2
270,114.1404497,22.61723944,180,1,,1,
271,113.9354371,22.5119905,90,2,,2,
272,114.0273454,22.61774533,270,3,2,3,2
273,114.0600335,22.6177514,0,4,2,4,
274,114.0610153,22.61823645,180,1,,1,
275,114.0544538,22.51201956,90,4,1,4,3
276,114.1017587,22.6187072,270,1,,1,
277,114.0328037,22.61966625,270,1,,1,
278,114.0492828,22.61968831,90,2,,2,
279,114.0662794,22.62026478,270,1,,1,
280,114.105211,22.61966015,0,2,,2,
281,114.105211,22.61966015,90,7,,4,
282,113.8135267,22.62046015,90,10,,4,
283,114.0228189,22.62117653,0,5,,5,
284,114.0228189,22.62117653,270,5,,5,
285,114.0553874,22.62113904,270,2,,2,
286,114.1070267,22.62062432,90,1,,1,
287,114.1060571,22.62201879,90,1,,1,
288,114.1403776,22.62198285,90,2,1,2,1
289,114.1414313,22.62174178,90,1,,1,
290,113.9359883,22.51319595,90,2,,2,
291,114.0234483,22.62246875,270,5,,5,
292,114.0424768,22.62301011,270,4,,4,
293,114.0562211,22.62258832,90,2,,2,
294,114.108809,22.62254142,90,2,,2,
295,114.1142526,22.6225291,180,1,,1,
296,114.1179411,22.62262721,0,1,,1,
297,114.0364075,22.62365694,180,1,,1,
298,114.0390173,22.62439926,180,1,,1,
299,114.0409716,22.62400422,0,1,,1,
300,114.1097701,22.62400057,180,2,,4,
301,114.1107399,22.62350413,180,2,10,2,10
302,114.1449928,22.62350897,0,2,4,3,2
303,114.1522597,22.62356971,180,1,,1,
304,113.8101792,22.62447802,270,10,,10,8
305,113.8717724,22.51383658,90,10,,10,
306,114.029357,22.62455422,90,2,,2,
307,114.036409,22.62455669,90,1,,1,
308,114.0545121,22.62459252,0,1,,1,
309,114.031752,22.62596671,270,1,6,1,6
310,114.0390707,22.6260465,270,1,,1,
311,114.0508928,22.62545698,0,1,5,1,5
312,114.0789572,22.62602672,0,4,,4,
313,114.0807263,22.62596494,90,4,,1,
314,114.1070267,22.62551846,0,1,2,1,2
315,114.118779,22.62603311,0,1,,1,
316,114.1233027,22.62546178,180,5,,4,
317,114.1287986,22.62533285,270,1,,1,
318,114.4198284,22.62522875,0,10,,10,
319,113.8065888,22.62618145,90,10,,10,
320,113.8075087,22.62664122,0,10,,10,
321,113.8090056,22.62676383,270,10,,10,
322,113.8101032,22.62637425,0,3,,4,
323,113.8101032,22.62637425,270,10,,10,
324,113.8128736,22.62675424,90,7,,4,
325,113.8453906,22.62689095,90,4,,4,
326,113.8562516,22.62686639,0,4,,4,
327,114.0571356,22.5145482,180,3,,3,
328,113.8672703,22.51523241,90,10,,10,
329,113.9279287,22.51487336,0,1,,1,
330,114.0471861,22.51469146,0,5,,5,
331,113.9278382,22.51676003,180,1,,1,
332,113.9397933,22.51725603,90,2,,2,
333,114.2193677,22.64086243,270,6,,6,
334,113.9079489,22.51780386,90,1,,1,
335,114.0264551,22.64249437,90,1,,1,
336,114.1740069,22.64191588,180,1,2,1,2
337,114.0076339,22.64311352,0,1,,1,
338,114.0843552,22.64344368,90,3,2,1,2
339,114.2029789,22.64284608,270,4,,4,
340,114.2255845,22.64328018,0,4,2,4,2
341,114.0077207,22.64412142,0,1,,1,
342,114.0327436,22.64396234,90,4,,1,
343,114.047303,22.5177855,90,1,,1,
344,114.0781444,22.64404537,0,1,2,1,2
345,114.1223703,22.64445989,0,4,,4,
346,114.0057304,22.64488682,90,1,,1,
347,114.0255342,22.64486426,0,7,,7,
348,114.0273325,22.64489867,0,1,2,1,2
349,114.1749285,22.6454251,270,1,,1,
350,114.1930307,22.64533476,270,2,,2,
351,114.0174038,22.64637916,180,1,,4,
352,114.0580009,22.64621676,270,2,4,2,
353,114.1205827,22.64636071,270,1,,1,
354,114.1911066,22.64623403,270,2,,2,
355,114.1958074,22.64589586,0,2,,2,
356,113.8218911,22.64698851,0,7,,7,
357,114.0336815,22.6473548,90,1,,1,
358,114.0345847,22.64672649,270,1,,1,
359,114.0608521,22.64733701,270,2,3,3,2
360,114.0744221,22.64698649,180,4,,4,
361,114.0834838,22.64660722,90,4,,4,
362,114.1177555,22.64696248,0,4,2,4,
363,114.1803759,22.64723246,180,4,,4,
364,114.0092765,22.64780338,270,1,,1,
365,114.0586298,22.64783469,90,3,,5,
366,114.1161688,22.64771198,90,4,2,4,2
367,114.1186905,22.64794543,270,4,1,4,
368,114.1196346,22.64789115,180,4,,5,
369,114.0156302,22.64931624,270,6,,6,
370,114.1777027,22.64873069,90,4,,4,
371,114.1847199,22.64856916,270,2,,2,
372,114.0005655,22.65000777,270,1,,1,
373,114.0057059,22.6498848,180,2,,2,
374,113.9957318,22.65126408,90,2,1,2,
375,114.0262731,22.65111386,180,1,2,1,2
376,114.1123464,22.65059256,0,2,4,2,
377,114.2012239,22.65058873,270,2,10,2,10
378,114.0110788,22.65169595,0,2,1,1,2
379,114.0129232,22.65173127,90,2,10,2,
380,113.9333275,22.51971477,90,7,,8,
381,114.0318814,22.65220251,180,1,,1,
382,114.0981726,22.65170836,90,1,,4,
383,114.1025155,22.65212749,90,5,,5,
384,114.1072799,22.65189929,90,4,,4,
385,114.1114254,22.65216138,0,4,,4,
386,114.1114254,22.65216138,270,1,,1,
387,114.1114254,22.65216138,90,10,4,10,
388,114.1215237,22.65171031,180,2,,2,
389,114.1504553,22.65176085,0,1,2,1,2
390,114.1576991,22.6517145,0,4,2,1,
391,114.0165414,22.65262466,270,1,,1,
392,114.0220987,22.65278985,180,2,,2,
393,114.0266087,22.65327873,90,1,,1,
394,114.0717173,22.65316704,0,1,2,1,2
395,114.1079438,22.65324271,90,4,,4,
396,114.1133026,22.65305803,180,4,,4,
397,114.1215924,22.65254194,90,2,,2,
398,114.0235823,22.65362937,180,1,,1,
399,114.1141704,22.6535313,180,2,,2,
400,114.1431708,22.65373953,0,4,,1,
401,113.851691,22.65489148,0,4,,7,
402,114.0183241,22.65463667,180,2,1,2,1
403,114.0191992,22.65512522,90,2,,2,
404,114.0236748,22.65458643,180,1,,5,
405,113.8571616,22.65554755,90,1,,1,
406,114.0173273,22.65602973,180,2,,2,
407,114.0173273,22.65602973,90,1,7,6,
408,114.0183266,22.65556742,0,2,,2,
409,114.0254858,22.65567403,180,2,,2,
410,114.0254858,22.65567403,270,2,3,2,
411,114.0265188,22.65611056,180,2,1,2,
412,114.0346216,22.65560735,180,1,,1,
413,114.1088512,22.65559931,90,4,,7,
414,113.9314731,22.52090903,180,2,10,2,10
415,113.9349765,22.52075503,180,3,,2,
416,114.0054845,22.65681741,180,2,1,2,1
417,114.0209955,22.65708546,0,2,,2,
418,114.0355038,22.65712729,180,7,,5,
419,114.1007148,22.65693538,0,9,7,9,
420,114.1106663,22.65628542,180,4,,4,
421,113.822624,22.65745297,0,10,1,10,1
422,113.8400192,22.65792598,180,9,,9,
423,114.0347003,22.65745446,180,7,,7,
424,114.1088467,22.65768684,0,4,,4,
425,114.1885387,22.65743902,270,4,,4,
426,114.0092642,22.65852889,180,2,,7,
427,114.0147479,22.65855382,0,1,,1,
428,114.0281302,22.65916735,180,4,,4,
429,114.0281302,22.65916735,270,6,,4,
430,114.0329312,22.65854289,0,2,,2,
431,114.0337134,22.65897906,270,3,,2,
432,114.0700597,22.65915411,270,5,,5,
433,114.0292029,22.65936847,90,1,,1,
434,114.0319218,22.65990374,180,2,,2,
435,114.0426945,22.65998462,270,2,4,1,2
436,114.0781035,22.65944023,270,4,,4,
437,114.1144591,22.6595149,90,4,,4,
438,113.9956955,22.66095252,0,4,1,4,1
439,114.003791,22.66044671,270,2,10,2,
440,114.0137929,22.66094177,90,2,,2,
441,114.0228169,22.66089872,0,2,1,2,1
442,114.0237597,22.66049549,270,2,,2,
443,114.0300866,22.66092328,90,1,,1,
444,114.0628668,22.66092121,0,2,,2,
445,114.0628668,22.66092121,180,10,4,1,10
446,114.0662862,22.66089821,0,2,7,2,
447,114.0672293,22.66046401,0,7,2,7,2
448,114.1027657,22.66090067,180,1,,1,
449,114.1033458,22.66028836,0,1,,1,
450,114.1188322,22.66090248,0,4,,4,
451,113.9250891,22.52205325,270,2,,2,
452,113.9332522,22.52157188,180,2,,2,
453,113.9975045,22.66196128,0,10,,10,
454,113.9975045,22.66196128,270,6,,6,
455,114.0219584,22.6614026,90,2,1,2,1
456,114.0246523,22.66176373,270,1,5,1,5
457,114.0265708,22.66182568,180,10,,10,
458,114.0306181,22.66143909,90,1,,1,
459,114.0337065,22.66187149,0,1,,1,
460,114.064282,22.66189083,270,10,,10,
461,114.0654119,22.66141187,0,2,,2,
462,114.0654119,22.66141187,270,2,,2,
463,114.0708226,22.66139707,0,1,,1,
464,114.0718372,22.6620727,270,1,,1,
465,113.9477643,22.52165064,270,8,,8,
466,113.8110845,22.66262973,0,9,,9,
467,114.0083934,22.66285085,90,1,,1,
468,114.0250719,22.66238693,270,5,1,5,1
469,114.0326138,22.66225174,90,1,2,1,2
470,114.0573188,22.66292954,270,2,,2,
471,114.0594191,22.66274541,90,2,1,2,1
472,114.0627075,22.66284588,90,2,4,2,
473,114.0663449,22.662921,270,2,4,2,
474,114.0709242,22.66231551,0,1,2,1,2
475,114.0761222,22.66211375,270,1,,1,5
476,113.9712516,22.52204117,270,9,,9,
477,113.8118308,22.66335776,180,1,,1,
478,114.0182915,22.6633479,270,2,,2,
479,114.0372381,22.6637328,90,10,,10,
480,114.0762254,22.66329459,270,1,,1,
481,114.0210516,22.66478107,180,1,10,1,
482,114.0254722,22.66426941,270,1,2,1,
483,114.0302117,22.66484246,270,6,2,2,1
484,114.0726485,22.6643816,270,1,,1,
485,114.0734346,22.66441602,180,1,,1,
486,114.2193266,22.66412059,180,4,,4,
487,113.8162712,22.66581328,270,1,,1,
488,113.8261141,22.66520595,0,4,,4,
489,114.0146535,22.66544266,270,10,2,10,2
490,114.0300824,22.66605313,0,2,,2,
491,114.0310642,22.66528463,270,10,2,10,2
492,114.0310642,22.66528463,90,2,,2,
493,114.0373915,22.66579663,270,1,4,1,
494,114.1207316,22.66573984,0,4,,4,
495,114.2827212,22.66508593,270,1,,1,
496,113.8036059,22.66671279,0,2,,2,
497,113.9105509,22.66672613,270,4,,5,
498,113.9205716,22.66625148,270,2,,4,
499,114.0300799,22.66675481,90,2,,2,
500,114.0356507,22.6667719,90,4,,1,
501,114.0363654,22.6662409,0,1,,1,
502,114.0373673,22.66675197,0,2,1,2,1
503,114.0563421,22.66626174,0,4,,5,
504,114.0563421,22.66626174,270,4,,4,
505,114.0617138,22.66620261,180,1,,1,
506,114.1124774,22.66637779,90,1,,1,
507,114.0028656,22.66780907,270,1,,1,
508,114.0201279,22.66724573,90,1,,1,
509,114.0228374,22.66761632,0,1,,1,
510,114.0228374,22.66761632,90,2,1,2,1
511,114.0264336,22.66775347,0,2,,2,
512,114.0264336,22.66775347,180,1,,1,
513,114.0302893,22.66787632,180,1,,4,
514,114.0355303,22.667755,270,4,2,10,2
515,114.0364079,22.66721075,0,2,,2,
516,114.0373055,22.66772749,0,2,,2,
517,114.0373055,22.66772749,270,10,,10,
518,113.9371034,22.52255313,90,2,,2,
519,114.1206078,22.66785644,90,1,,1,
520,114.1985703,22.66765362,90,1,2,1,2
521,113.8027996,22.66808983,180,4,,4,
522,113.8199229,22.66861196,90,7,,7,
523,114.0011707,22.66864989,90,1,,1,
524,114.0228585,22.66872098,90,2,1,2,1
525,114.0248794,22.66886161,180,5,,5,
526,114.0273378,22.66823459,0,3,,3,
527,114.0273378,22.66823459,270,2,,3,
528,114.0319156,22.66868381,180,10,,10,
529,114.0319156,22.66868381,270,3,,7,
530,114.0380735,22.66825394,0,2,1,2,1
531,114.1079341,22.66876215,90,4,,4,
532,114.1179153,22.66816775,90,4,,4,
533,114.1966034,22.66869846,270,4,,4,
534,113.8198612,22.66956198,270,3,4,4,2
535,113.997393,22.66966666,0,2,,2,
536,114.0021548,22.66893154,270,1,,1,
537,114.0126972,22.66918903,90,4,,4,
538,114.0210454,22.66967979,180,2,,2,
539,114.0272623,22.66931604,90,1,,1,
540,114.0308633,22.66923124,270,2,,2,
541,114.0383726,22.66913429,0,2,3,3,
542,114.0383726,22.66913429,270,2,,2,1
543,114.1124208,22.66937755,0,5,,5,
544,114.2898338,22.66906738,90,1,,1,
545,114.3334581,22.66880607,0,4,,4,
546,114.3457616,22.66895163,180,1,,1,
547,113.7685389,22.66992725,90,4,,10,
548,113.9079349,22.67012805,270,2,1,2,1
549,113.9883253,22.67066861,270,4,,5,
550,113.9913573,22.67028253,0,2,1,2,
551,114.0000664,22.67006793,180,4,,4,
552,114.0201161,22.67013021,90,4,,4,
553,114.0219083,22.67012772,270,4,,4,
554,114.0280953,22.67053538,180,1,,1,
555,114.0306342,22.6702643,180,2,,2,
556,114.0373557,22.67070263,0,7,,4,
557,114.0382636,22.67017073,270,2,3,3,7
558,114.0389223,22.67069749,270,7,,7,
559,114.0409456,22.67062169,90,1,,1,
560,114.0472212,22.67021805,180,2,1,2,1
561,114.0553839,22.52325008,270,1,5,1,5
562,114.1170338,22.67059431,180,2,1,2,1
563,114.1456692,22.67052662,270,1,,1,
564,114.3461553,22.66975763,90,1,,1,
565,113.928695,22.67165062,0,4,,5,
566,113.9921063,22.67150759,270,4,,7,4
567,114.0174052,22.6715906,90,4,,4,
568,114.0279989,22.67144408,270,2,,2,
569,114.0337462,22.67158662,90,2,4,2,4
570,114.0356177,22.67181576,270,1,,1,
571,114.0437336,22.67114164,90,8,,8,
572,114.1188609,22.67154429,0,1,,1,
573,114.1188609,22.67154429,90,1,,1,
574,113.9441158,22.52356456,180,8,,8,
575,114.2862469,22.67277731,90,6,,6,
576,113.8087971,22.67423076,0,5,,5,
577,113.9902624,22.52408481,90,9,,9,
578,114.0056118,22.67388173,90,1,,1,
579,114.0229499,22.67457505,270,1,2,1,2
580,114.1325725,22.67408733,180,4,,4,
581,114.0355387,22.52421225,270,2,,2,
582,114.0590832,22.67546741,180,2,,3,
583,114.1242596,22.67549623,270,2,,2,
584,114.1359887,22.67492849,90,4,,4,
585,113.8886931,22.67640371,270,4,,4,
586,114.044583,22.67647162,270,1,,1,
587,114.059956,22.67591752,0,4,,4,
588,113.8153987,22.67696421,180,1,2,1,2
589,113.8218132,22.67824648,270,2,,2,
590,114.0300414,22.67828403,0,4,,4,
591,114.1178143,22.67787703,90,2,,2,
592,114.1188308,22.67813601,180,2,,2,
593,113.9976,22.52489166,180,9,,9,
594,114.0237232,22.67891219,180,1,,1,
595,114.1179251,22.67885207,90,2,,2,
596,114.0416378,22.52460741,90,2,,7,
597,114.319745,22.6793014,0,1,,6,
598,113.9893712,22.67975416,180,2,,2,
599,114.3063357,22.67966842,90,4,,4,
600,114.3369154,22.6795063,90,7,,7,
601,113.810235,22.68037911,90,9,,9,
602,114.1206443,22.68120603,0,2,,2,
603,114.3425211,22.68048593,0,1,2,1,2
604,113.9767596,22.68183108,90,8,1,8,1
605,113.9323498,22.52587895,270,2,,2,
606,114.1249444,22.68174722,90,2,,2,
607,114.3081571,22.68152546,0,2,1,2,1
608,113.9286261,22.68304442,0,2,,2,
609,113.9775925,22.68318494,0,4,,4,
610,113.9848025,22.68425902,90,2,4,2,4
611,114.1215458,22.68373839,180,7,,7,
612,114.3249283,22.6837355,270,1,2,1,2
613,113.8169218,22.68437477,90,9,,9,
614,114.072265,22.68463092,90,4,,4,
615,114.2272577,22.685319,90,10,,10,
616,114.3450026,22.68481327,90,2,,2,
617,113.9033851,22.52704759,270,2,,2,
618,114.0779444,22.68566872,270,4,,4,
619,114.1143122,22.68552213,0,1,,1,
620,114.3234726,22.68591352,0,5,,5,
621,114.3234726,22.68591352,270,5,,5,
622,113.7782263,22.68698846,180,3,1,3,2
623,113.9231557,22.68716517,180,3,2,2,
624,113.9239834,22.68669099,0,10,,10,
625,113.9585432,22.6866218,180,3,,6,
626,113.9882119,22.68704939,90,10,3,3,10
627,113.9332631,22.52657999,180,2,4,2,
628,114.000367,22.68634807,0,4,1,4,
629,114.0409278,22.68713207,90,1,,1,
630,113.9368791,22.52649779,90,2,,2,
631,113.9613005,22.52711003,0,5,,5,
632,113.8110571,22.68810593,270,8,,9,
633,113.8110571,22.68810593,90,10,,10,
634,113.9893979,22.52654398,90,6,,3,
635,114.0427631,22.68800226,270,2,,2,
636,114.1188567,22.68795172,0,1,,1,
637,114.1958653,22.68746052,270,9,8,9,
638,114.260607,22.68760613,0,1,5,1,5
639,114.2945331,22.68801616,0,4,,4,
640,113.7928074,22.68895101,180,4,,4,
641,113.8133607,22.68863575,180,9,,9,
642,114.0545585,22.68866568,180,4,,4,
643,114.2610258,22.68837427,0,1,,1,
644,114.3453006,22.68865326,270,2,1,2,1
645,113.7801145,22.68989408,0,1,3,1,2
646,113.8145739,22.68985208,270,9,8,9,
647,113.9277436,22.68954586,90,4,,4,
648,114.0581541,22.68945862,0,4,,4,
649,114.1386207,22.68990583,270,1,2,1,2
650,114.3334765,22.68901919,90,1,,1,
651,114.351615,22.68898055,90,2,3,2,1
652,113.8209552,22.69039817,0,9,,9,
653,113.9365021,22.52751308,270,2,,2,
654,113.93801,22.52791749,90,2,,2,
655,114.2637662,22.69088614,180,2,,2,
656,114.330797,22.69056566,180,1,,4,
657,113.8226908,22.69134804,0,9,,9,
658,113.9286795,22.69198348,0,1,,1,
659,114.2628459,22.69133008,180,2,,2,
660,114.2854568,22.69173177,270,3,,3,
661,113.7880492,22.69232536,270,2,1,1,2
662,113.976655,22.69333689,90,1,,1,
663,114.0536619,22.69391307,270,1,,4,
664,114.0953853,22.69391803,0,5,,4,
665,114.2466513,22.69309865,0,4,,4,
666,113.9712285,22.69441338,270,4,,4,
667,114.1159671,22.69448838,0,1,10,1,10
668,114.252106,22.69437101,90,4,,4,
669,114.264676,22.69417636,90,1,,1,
670,114.3199545,22.69455311,270,1,2,1,2
671,113.9365243,22.52846588,0,4,,7,
672,113.9365243,22.52846588,270,2,,2,
673,113.9386933,22.5284716,90,1,,1,
674,113.7855522,22.69559912,180,1,2,1,2
675,113.8244485,22.69503204,90,1,,1,4
676,113.9649367,22.6957529,270,4,,4,
677,114.0409557,22.69563917,90,1,8,1,8
678,114.0534901,22.69587382,0,1,,1,
679,114.2095026,22.69578065,270,8,9,9,
680,114.2110605,22.69585914,0,8,,7,
681,114.2665304,22.69521801,270,2,1,2,1
682,114.3218593,22.69554953,270,5,,5,
683,113.98479,22.52916092,90,2,,2,
684,113.8371164,22.69623635,180,4,,4,
685,113.9622373,22.6963795,180,10,,10,
686,114.0436761,22.69646782,90,1,,1,
687,114.1134115,22.69679009,180,1,2,1,2
688,114.1242824,22.69678595,270,2,,2,
689,114.2963095,22.6965617,180,1,2,1,4
690,114.3361808,22.69671327,90,2,1,2,1
691,114.0311781,22.52841614,180,8,,7,
692,114.0367306,22.52833106,180,1,,1,
693,113.7964179,22.69765994,0,4,,4,
694,113.8018691,22.69768104,90,3,2,4,
695,113.8199895,22.6977182,180,5,,5,
696,113.8344404,22.69746953,0,1,4,1,4
697,113.968505,22.69778461,180,4,,4,
698,114.0319221,22.69780386,270,1,,1,
699,114.1376005,22.69742155,0,2,,2,
700,114.3325896,22.69745969,90,9,,9,
701,114.3432732,22.69723485,180,4,,4,
702,113.9656893,22.69826593,90,1,4,1,2
703,113.9900071,22.69871759,270,4,,4,
704,114.0455203,22.69814898,180,8,1,8,1
705,114.1305127,22.69798256,270,5,,5,
706,114.327032,22.69821483,270,2,,2,
707,113.8044575,22.69914867,270,4,2,4,2
708,113.9250356,22.69966523,270,4,,4,
709,113.9830729,22.69973061,270,5,,5,
710,114.1395772,22.69926097,0,1,,1,
711,114.1994567,22.69909183,180,9,,9,
712,114.3279294,22.69900399,0,4,,4,
713,113.7801214,22.7007059,0,4,,4,
714,113.8281068,22.7002967,0,2,,2,
715,114.0445914,22.70084852,90,1,,1,
716,114.1100469,22.70029613,90,4,,4,
717,114.1370124,22.70072074,180,8,,8,
718,114.13787,22.70017446,180,3,2,1,
719,114.2075259,22.7004861,180,9,,9,
720,114.2293743,22.70041119,90,10,,10,
721,114.3162648,22.70035863,270,4,,4,
722,113.8967226,22.70132411,0,9,,9,
723,113.93317,22.70114954,180,4,,4,
724,113.9929343,22.70128511,0,5,,4,
725,114.0255607,22.70125786,270,4,,4,
726,113.9784621,22.70217675,180,4,,4,
727,114.2027289,22.70204473,90,5,,5,
728,113.9798032,22.70355066,270,2,,8,
729,113.9802823,22.70311131,90,1,4,5,
730,114.2012705,22.70321321,0,5,,5,
731,114.3580409,22.70326705,0,1,,5,
732,113.7900678,22.70403651,0,3,,4,
733,113.8291332,22.70450119,90,4,,5,
734,113.9829977,22.70466256,0,4,,5,
735,114.3407703,22.70372162,180,1,,1,
736,114.3588701,22.70372492,270,1,5,5,
737,113.7918779,22.70492979,180,4,,4,
738,113.9820472,22.70491907,0,4,,7,
739,114.0435964,22.70498598,90,2,10,2,10
740,114.0961756,22.7048509,90,1,10,1,10
741,114.2158224,22.70499059,0,1,5,1,
742,113.804591,22.70568481,180,1,2,1,2
743,113.9655832,22.70607048,90,4,,1,
744,114.0574008,22.70668143,0,4,,4,
745,114.2211859,22.70597289,180,5,,5,
746,114.3414606,22.70628179,0,8,5,7,
747,114.3504585,22.7060273,0,4,,4,
748,113.7818202,22.70737823,270,4,,4,
749,113.8246463,22.70688471,90,4,1,4,1
750,114.0346246,22.70702889,90,2,,2,
751,114.0526896,22.70696298,90,2,1,2,1
752,114.0871438,22.70698497,90,1,,1,
753,114.1178383,22.70694524,0,4,,4,
754,114.361598,22.70710362,0,7,,6,
755,113.7991239,22.70769777,0,4,,4,
756,113.8091145,22.70836701,90,1,,1,
757,113.8474373,22.70834145,270,4,,4,
758,113.963836,22.70792965,270,2,,2,
759,114.0454322,22.70809506,90,1,,1,
760,114.0536017,22.70839931,180,4,,4,1
761,113.7819483,22.70929955,90,4,,4,
762,113.8216603,22.7093658,90,1,2,1,2
763,113.9032232,22.70974491,90,4,,4,
764,114.039112,22.70929672,0,5,,5,
765,114.2057579,22.70933633,270,1,,1,
766,114.3335288,22.70860241,0,2,,2,
767,114.3380413,22.7091375,0,1,,1,
768,113.7973096,22.7096013,0,4,,4,
769,114.1123028,22.70975592,0,4,,4,
770,114.3344091,22.7099863,180,1,2,2,
771,114.3353349,22.70959614,90,2,1,2,
772,114.3425575,22.70957152,0,9,,9,
773,114.3534251,22.70959722,0,4,,4,
774,114.3652369,22.70998717,180,4,,4,
775,114.2284404,22.71075888,90,2,,2,
776,114.3380052,22.71102018,180,1,,1,
777,114.3525805,22.71085607,180,4,,4,
778,113.8343729,22.7122688,90,4,,4,
779,114.0473938,22.71181284,180,4,,4,
780,114.0553171,22.71239339,270,1,,1,
781,114.0853752,22.71183776,180,4,2,4,2
782,114.2112486,22.7123344,0,1,,1,
783,114.2311996,22.71221449,270,2,,2,
784,114.3451264,22.71203649,180,7,,4,
785,114.2319604,22.71279921,0,2,,2,
786,114.3354111,22.71205804,180,1,,1,
787,114.3615966,22.71297333,0,4,,5,
788,113.8516678,22.71363756,270,1,,1,
789,114.2057478,22.71416918,270,1,,1,
790,114.2492118,22.71404508,270,1,2,3,1
791,114.3506159,22.71421079,180,4,,4,
792,114.3616147,22.71390022,270,4,,5,
793,113.8199199,22.71517814,270,1,,1,
794,114.0330132,22.71459673,180,2,,2,
795,114.0744767,22.714467,90,1,,1,
796,114.1359507,22.71483027,270,4,,7,
797,114.2275479,22.7151282,90,1,,1,
798,114.249183,22.71505934,180,5,,5,
799,114.346145,22.71416736,0,8,,7,
800,114.3490335,22.71513376,180,4,,5,
801,114.3526037,22.71490136,0,4,,4,
802,114.204956,22.71561887,90,5,1,1,2
803,114.2311389,22.716076,90,1,,1,
804,114.2439107,22.7160994,90,2,,2,
805,114.3091392,22.71586232,180,7,2,3,
806,113.8208129,22.71657589,90,1,,1,
807,113.8289848,22.71701628,180,2,,2,
808,113.8511541,22.71707685,90,1,2,1,2
809,114.054588,22.71690638,270,4,,4,
810,114.2482996,22.71651963,270,2,,2,
811,113.7818632,22.71803573,90,1,,1,
812,113.8262424,22.71731306,180,2,1,2,1
813,113.8841845,22.71769767,90,4,,4,
814,114.0365255,22.71761588,180,1,,1,
815,114.2332489,22.71801474,270,2,7,2,
816,114.3869768,22.71803994,180,9,,9,
817,113.8133598,22.71863915,90,2,,2,
818,113.8407837,22.71859037,90,1,,1,
819,114.0528165,22.71854762,0,2,,2,
820,113.8107829,22.72031122,180,2,1,2,1
821,113.8209318,22.71949802,90,3,,2,
822,113.8253691,22.72002115,90,1,,1,
823,113.8276719,22.71960084,90,2,1,2,1
824,113.8317046,22.71964488,90,1,,1,
825,114.1007054,22.72008164,90,9,,9,
826,114.2501229,22.71976052,0,10,,10,
827,114.3859379,22.71916946,90,4,,4,
828,113.798196,22.72098644,180,4,2,4,2
829,113.8206026,22.72045507,90,3,,3,
830,113.8244539,22.720514,270,1,2,1,2
831,114.2339362,22.72043927,90,3,2,3,
832,114.3779882,22.72057281,0,4,,4,
833,114.3788438,22.72016326,180,1,4,1,
834,113.8244216,22.72158229,90,1,,1,
835,113.831702,22.72149497,180,7,,4,
836,113.9113782,22.72147564,90,1,,1,
837,114.2139588,22.72145977,0,4,,4,
838,114.2501802,22.72131688,90,2,,2,
839,114.3112162,22.72193346,90,4,,4,
840,114.3570644,22.72127045,0,4,,4,
841,114.378939,22.72099235,180,4,,5,
842,114.3797536,22.72148834,0,1,,1,
843,114.3842774,22.72129445,0,4,,4,
844,114.3879179,22.72095141,180,1,,1,
845,113.8262007,22.72244903,270,1,2,1,2
846,114.0563571,22.72248455,90,1,8,1,8
847,114.1016718,22.72287667,0,1,,1,
848,114.2448297,22.72240226,90,7,,2,
849,114.2528259,22.72284109,0,1,,1,
850,114.3852511,22.72257226,90,4,,4,
851,113.8449352,22.72406139,0,1,2,1,2
852,113.8534209,22.72346923,180,4,,1,
853,113.9186528,22.72361402,90,4,,4,
854,114.2484048,22.72332976,90,2,,2,
855,114.269198,22.72389337,0,1,,1,
856,114.0584788,22.72459271,270,2,,2,
857,114.220329,22.72484273,0,1,,1,
858,114.2231649,22.72428676,0,7,,7,
859,114.2602331,22.72479362,180,10,,10,
860,114.2609369,22.72456911,0,10,,10,
861,113.8063102,22.72534733,0,1,,1,
862,113.8235624,22.72587849,270,6,,6,
863,113.9104421,22.72621888,180,1,,1,
864,114.2104886,22.72516235,90,2,4,2,4
865,114.2257659,22.7257573,270,5,,5,
866,114.2456575,22.72576553,0,3,,4,
867,114.2547135,22.72578448,90,1,,1,
868,114.2674361,22.7257241,270,2,,2,
869,113.7773455,22.72616062,90,4,,4,
870,114.0781014,22.72639527,0,3,2,3,2
871,114.0891886,22.72645087,90,1,,1,
872,114.2221478,22.72674443,0,7,,6,
873,114.2448102,22.72622631,90,3,,3,
874,114.2657107,22.72674941,180,2,3,2,1
875,114.26647,22.72637604,0,2,,2,
876,114.396969,22.7260639,180,4,,4,
877,113.7900122,22.72748555,0,4,,4,
878,113.802079,22.72786019,0,3,,3,
879,113.8211767,22.72724674,0,1,,1,
880,113.8250668,22.72795955,0,7,,4,
881,113.9077296,22.72776991,90,4,1,3,
882,114.2168803,22.72774609,270,5,8,8,
883,114.2348316,22.72755639,270,3,,3,
884,114.2451032,22.72730756,180,3,2,3,
885,113.7827254,22.72823164,180,4,,4,
886,113.8033755,22.7287312,270,3,,3,
887,113.8181393,22.7287426,180,1,,1,
888,114.2168468,22.7287172,0,1,,1,
889,114.2567811,22.72881571,0,1,2,1,2
890,114.2818381,22.72865552,90,6,1,6,1
891,114.2168311,22.7296818,90,1,,1,
892,114.2447954,22.72912789,270,1,,1,
893,114.2720692,22.729019,270,2,,2,
894,114.2856659,22.72952954,90,2,,2,
895,113.8017867,22.73067935,180,8,2,2,1
896,113.8025406,22.73023577,270,2,,2,
897,113.8062835,22.73023726,180,1,,1,
898,113.8544065,22.73086788,180,4,,4,
899,113.8888012,22.73093061,270,4,,5,
900,113.907796,22.73029342,90,10,4,4,
901,113.9177775,22.73067222,180,4,,5,
902,114.0001527,22.73044326,180,1,,1,
903,114.0274422,22.73028063,270,2,4,3,
904,114.0571873,22.53492149,180,7,,2,
905,114.0571873,22.53492149,90,2,,2,
906,114.0584508,22.73003125,90,1,,1,
907,114.2828638,22.73011209,90,1,2,1,2
908,113.8242487,22.7311993,90,2,,2,
909,113.9071713,22.73178673,270,4,,4,
910,113.9079188,22.73127111,180,4,,4,
911,114.0501067,22.7318812,0,4,,4,
912,114.2590978,22.7310739,0,1,,1,
913,114.2866698,22.73094089,90,2,,2,
914,114.372605,22.73121402,90,1,,1,
915,113.7727392,22.73256787,0,9,,9,
916,113.8896768,22.73220336,0,4,1,4,
917,113.9122448,22.73270637,270,4,,5,
918,114.2284971,22.73197997,180,1,,1,
919,114.2692309,22.73271316,180,2,,2,
920,114.291049,22.73245279,0,8,1,1,5
921,113.795648,22.73308283,270,2,,2,
922,113.807231,22.7335946,180,1,,1,
923,113.8208514,22.73320059,90,2,1,2,1
924,113.8345007,22.73354019,0,7,,7,
925,113.9332923,22.73330448,90,1,,1,
926,114.0110613,22.73329231,180,2,1,2,1
927,114.0283966,22.73381185,180,1,,1,
928,114.2264678,22.73340007,90,1,,1,
929,114.2548892,22.73337327,180,2,1,3,
930,114.2992196,22.73277097,90,1,,1,
931,114.3679943,22.732867,0,1,,1,
932,113.8130498,22.73457069,180,3,,3,
933,113.831923,22.7343632,270,1,,1,
934,114.0274877,22.73406176,0,4,,4,
935,113.8119095,22.73505478,90,2,,2,
936,113.8326091,22.73555762,180,1,,1,
937,114.0283419,22.73570875,90,10,,10,
938,114.0400418,22.73515738,90,1,,1,
939,114.2339309,22.73475746,270,1,,1,
940,114.3117803,22.73474436,0,2,1,2,1
941,114.3136503,22.73487535,0,5,,5,
942,113.8105971,22.73652259,180,1,2,1,2
943,113.8262921,22.73605797,90,7,,7,
944,113.8272452,22.73637709,90,1,,1,
945,113.9122523,22.73643998,180,1,2,1,2
946,114.2321201,22.73612483,180,2,,3,
947,113.8099232,22.73698856,180,1,,1,
948,113.8398703,22.73750607,270,3,,3,
949,113.9249494,22.73754215,0,1,,1,
950,114.0393062,22.73758191,90,4,,4,
951,113.8180595,22.7384565,180,2,,2,
952,113.8209049,22.73825333,180,2,,2,
953,113.8416556,22.7383806,90,2,,2,
954,113.9260144,22.73791103,270,4,,4,
955,113.9286289,22.73854623,0,1,,1,
956,114.2647133,22.73787226,270,5,,5,
957,113.7818611,22.73939503,270,2,,2,
958,113.7864409,22.73850426,0,1,,5,
959,113.8054183,22.73941396,90,1,2,1,2
960,113.9241548,22.73894771,0,2,,2,
961,113.924977,22.73952725,90,1,10,1,10
962,114.0211469,22.73954375,270,2,3,3,2
963,114.0220158,22.73885082,270,4,,4,
964,114.266435,22.73882471,180,9,,9,
965,114.2692451,22.73944478,180,9,,9,
966,114.28104,22.73877553,0,2,,2,
967,114.3824609,22.73852216,90,4,,5,
968,113.7909162,22.74034719,270,1,,1,
969,113.7990531,22.73988854,180,2,1,2,1
970,113.8063207,22.73985846,270,1,2,1,2
971,113.9332013,22.74003391,270,4,,4,
972,114.2699872,22.73997039,90,9,,9,
973,114.3650895,22.74023999,0,5,,5,
974,113.7973438,22.74087806,90,1,2,1,2
975,113.8064011,22.74052895,270,1,2,1,2
976,113.8071518,22.74136749,270,3,2,6,
977,113.8164199,22.74137138,90,4,,7,
978,113.8251106,22.74139447,90,2,,2,
979,113.928279,22.74136281,180,1,,1,
980,114.038227,22.74097395,180,4,,4,
981,114.0547579,22.74070876,90,1,2,1,2
982,113.7800565,22.74245884,0,2,,2,
983,113.7905508,22.74251603,180,2,1,2,1
984,113.8144704,22.74235888,0,1,,7,
985,113.8199037,22.74231554,270,7,,7,
986,113.8254114,22.7423414,90,2,,2,
987,113.842543,22.74180304,0,4,,4,
988,113.9267963,22.7424391,180,1,,1,
989,114.2377448,22.7419707,0,1,,1,
990,114.2732129,22.74209207,180,9,,9,
991,114.2894494,22.74233008,270,9,,9,
992,113.7725589,22.74353901,270,1,,1,
993,113.7900164,22.74283699,0,2,1,2,1
994,113.791102,22.74322657,0,5,,4,
995,113.8091528,22.74323378,90,1,,1,
996,113.8469776,22.7432962,0,4,,5,
997,114.2582922,22.74324444,90,2,,2,
998,114.2747355,22.74298076,0,1,2,2,1
999,114.2939281,22.74266776,90,4,,5,
1000,114.363953,22.74312987,270,4,,4,
1001,114.4005379,22.74258525,180,4,,4,
1002,113.7973453,22.74383944,90,2,,2,
1003,113.8090203,22.74427411,0,1,2,1,2
1004,113.9192974,22.74422627,270,4,,4,
1005,113.9447764,22.74474279,90,10,,10,
1006,114.0101878,22.74443307,270,2,1,2,1
1007,114.0148431,22.74366931,270,2,1,2,1
1008,114.0201008,22.74388462,270,4,2,4,2
1009,114.036442,22.74389526,180,4,,4,
1010,114.2458171,22.74402885,180,2,1,2,1
1011,114.2885113,22.74370718,180,9,,9,
1012,114.3925375,22.74383798,90,1,,1,
1013,114.4013733,22.74412557,180,4,,4,
1014,113.7999707,22.74540671,270,2,3,2,
1015,113.9349768,22.74486739,270,7,4,4,
1016,113.8153445,22.74528474,180,2,1,2,1
1017,113.9184208,22.74569688,180,4,,4,
1018,114.2603726,22.74610685,0,1,,1,
1019,113.8081238,22.74670556,180,2,1,2,1
1020,113.8443588,22.74683233,90,4,2,4,
1021,113.8507587,22.74722374,90,10,,10,
1022,113.8589573,22.74674748,180,4,,4,
1023,113.9259115,22.74679661,90,1,,1,
1024,114.2600392,22.7471345,270,1,,1,
1025,114.3647668,22.74652589,90,2,1,2,1
1026,114.3825449,22.74627054,180,4,,4,
1027,113.8116656,22.7476751,270,2,4,2,4
1028,113.8199605,22.74825197,0,2,,2,
1029,113.9322137,22.74828781,90,7,,2,
1030,113.9367387,22.74753871,180,1,,1,
1031,113.9403379,22.74800619,180,1,,1,
1032,114.3681815,22.74739093,270,2,,2,3
1033,113.8018926,22.74909572,270,4,1,1,
1034,113.9021971,22.74876014,270,2,4,2,4
1035,113.9032539,22.74943568,180,7,,1,
1036,113.927571,22.74860455,90,1,,1,
1037,114.0228173,22.749078,180,1,2,1,
1038,114.040972,22.7491634,180,5,2,1,2
1039,114.2449269,22.74840973,180,3,,3,
1040,114.374269,22.74875087,90,1,,1,
1041,113.7990454,22.74954448,270,1,,1,
1042,114.0155519,22.75025025,90,1,,1,
1043,114.0427956,22.74998418,270,2,1,2,1
1044,114.2674591,22.74997832,90,1,2,1,2
1045,114.26839,22.74949544,90,1,,1,
1046,114.2801053,22.74987188,270,1,,1,
1047,114.3641987,22.74923405,90,6,,6,
1048,113.7963373,22.75102999,0,1,,1,
1049,114.2692928,22.75090248,180,2,1,2,1
1050,114.2809825,22.75030626,180,5,,5,
1051,114.2818858,22.75070691,0,4,,4,
1052,114.3789469,22.75018516,180,1,,1,
1053,113.8008628,22.75148842,180,1,2,1,2
1054,113.8135518,22.75157447,270,4,,4,
1055,113.9049807,22.75212556,180,4,,4,
1056,113.9310338,22.75167057,90,7,,7,
1057,114.0310546,22.75178426,0,1,,1,
1058,113.83439,22.75310613,0,1,,1,
1059,113.915958,22.75312183,90,4,,4,
1060,114.2203878,22.75288209,0,1,,1,
1061,114.3572292,22.75214231,90,1,,1,
1062,113.8025999,22.75347889,270,2,,2,
1063,113.8528275,22.75401936,180,4,10,4,10
1064,113.9186683,22.75359737,180,4,,4,
1065,113.9385873,22.75359814,0,6,,4,
1066,114.3771169,22.75326648,0,1,2,1,2
1067,113.7945422,22.75498097,180,4,,4,
1068,113.9023403,22.75454191,270,1,,1,
1069,113.9006871,22.53817585,90,10,1,10,1
1070,113.9376813,22.75533441,0,1,,1,
1071,114.3988774,22.75407887,90,4,,4,
1072,113.9160736,22.5386866,0,5,,5,
1073,113.7936147,22.75541825,0,1,2,1,2
1074,113.9175714,22.75579572,180,4,,4,
1075,113.9367457,22.75553044,0,1,2,1,2
1076,114.2321607,22.75535257,180,4,,4,
1077,114.291098,22.75569346,270,4,,5,
1078,114.3978516,22.75545608,0,4,,4,
1079,113.9439722,22.75651761,270,1,,1,
1080,114.0290624,22.75654597,270,2,1,2,4
1081,114.239523,22.75631227,90,3,2,3,2
1082,113.7927178,22.7579619,180,2,4,3,
1083,113.7990321,22.75720639,0,2,1,1,2
1084,113.8362018,22.75798244,180,1,,1,
1085,113.8682152,22.75736573,90,4,,4,
1086,113.9032746,22.75787942,0,2,,2,
1087,113.9068914,22.75826482,0,5,,4,
1088,113.976751,22.53816809,0,1,,1,
1089,113.9329693,22.75757561,180,1,,1,
1090,113.9404068,22.75733398,270,1,,1,
1091,114.3933391,22.75689622,270,1,,1,
1092,114.3986821,22.75684,180,4,,6,
1093,113.9886657,22.53868598,270,2,,3,
1094,113.8226764,22.75834832,180,2,,2,
1095,113.8371063,22.7585611,0,1,2,1,2
1096,113.9096591,22.75839425,0,10,3,10,3
1097,113.9222268,22.75840021,90,4,,4,
1098,113.9395576,22.75892919,180,8,5,5,
1099,113.943153,22.75928037,270,5,,1,
1100,114.0310059,22.75845351,180,1,,1,
1101,114.2927222,22.75876308,90,4,,4,
1102,114.4060907,22.75770996,0,4,,4,
1103,113.8225541,22.75933346,90,1,,1,
1104,113.8706529,22.75980775,270,4,,4,
1105,113.9195225,22.75986015,0,4,,4,
1106,113.9203548,22.75931911,90,1,,1,
1107,113.9213365,22.75991818,0,4,,5,
1108,113.923916,22.75924086,270,4,,7,
1109,113.9406887,22.75941324,270,5,,5,
1110,113.9406887,22.75941324,90,5,,5,
1111,113.9421887,22.75941389,0,5,,9,
1112,113.9421887,22.75941389,90,5,,5,
1113,114.2392818,22.75913901,270,4,,4,
1114,114.2520867,22.75913338,90,4,,4,
1115,114.3174503,22.75921467,270,9,,9,
1116,113.7978466,22.76075631,0,2,,2,3
1117,113.8009424,22.76031644,270,4,1,4,1
1118,113.8361894,22.76079513,0,1,2,1,2
1119,113.8715405,22.7603672,270,4,,4,
1120,113.8878596,22.76027233,180,4,,4,
1121,113.8923804,22.76089379,180,4,,4,
1122,114.051074,22.53818003,180,2,,2,
1123,113.9348806,22.76038145,90,3,,3,
1124,113.9449411,22.76087623,180,1,,1,
1125,113.9468006,22.76071577,180,2,,2,
1126,114.028354,22.76085266,90,1,,1,
1127,114.0562448,22.53816192,90,3,2,3,
1128,114.057665,22.53865707,270,3,2,3,
1129,113.8343793,22.76190886,90,4,,4,
1130,113.8588306,22.76124298,0,8,7,7,
1131,113.9220088,22.76112136,180,4,,2,
1132,114.0327856,22.76138345,180,1,,1,
1133,114.2830755,22.76101226,270,4,,4,
1134,114.2870798,22.76135278,270,2,1,1,
1135,114.2964532,22.76156221,0,2,1,2,1
1136,114.315952,22.76122516,270,9,,9,
1137,114.3582222,22.76146232,270,4,,4,
1138,114.4042711,22.76064446,180,1,,1,
1139,113.9005071,22.76235792,0,2,,2,
1140,113.9394038,22.76283837,90,2,,2,
1141,113.8243677,22.76323543,90,1,3,1,3
1142,113.8424727,22.76336852,0,5,,5,
1143,113.843516,22.76389259,0,1,2,1,2
1144,113.9105062,22.76367384,0,3,1,3,1
1145,113.9186343,22.76320505,270,1,4,1,
1146,113.9403738,22.7633203,180,2,,2,
1147,114.2928933,22.76343109,270,2,,3,
1148,114.3065447,22.76338818,0,4,,4,
1149,114.4170525,22.76265284,270,1,,1,
1150,113.8397779,22.7646406,90,1,,1,
1151,113.8488726,22.76470736,90,2,1,2,1
1152,113.9385239,22.76414615,270,2,,3,
1153,113.939527,22.76482588,0,2,,2,
1154,114.2974477,22.76385815,90,9,1,9,1
1155,114.3119813,22.76402801,90,1,4,1,4
1156,114.3184993,22.76441062,270,1,,1,
1157,114.4097565,22.7638095,0,4,,4,
1158,113.8254273,22.76557692,270,2,1,2,1
1159,113.8960526,22.76558086,0,1,,1,
1160,113.9367303,22.76515055,180,1,,1,
1161,113.9404423,22.76518431,270,2,,2,
1162,113.9412406,22.76573603,0,7,,7,
1163,114.3092631,22.76553972,180,1,,1,
1164,114.41433,22.76511195,180,4,,4,
1165,114.4160699,22.7653638,0,4,,4,
1166,113.8235073,22.76654582,0,1,,1,
1167,113.8305392,22.76690585,90,1,,1,
1168,113.8441328,22.76640629,90,1,,1,
1169,113.8488653,22.76662962,270,2,1,2,1
1170,113.8960003,22.76667097,270,5,1,2,1
1171,113.9151158,22.76620391,180,1,,1,
1172,113.9276017,22.76610152,0,9,,9,
1173,113.9395113,22.7666465,180,3,,2,
1174,113.895079,22.76715078,270,4,1,2,1
1175,113.8416376,22.76855355,180,2,,2,
1176,113.8470744,22.76846636,0,2,1,2,1
1177,113.8497953,22.76808995,180,1,,1,
1178,113.8524945,22.76856886,0,2,,2,
1179,113.8536296,22.76808164,0,2,1,2,1
1180,113.8688056,22.76870693,0,1,,1,
1181,113.8715196,22.76825237,0,4,,4,
1182,113.8769715,22.76823097,0,4,,3,
1183,113.8787795,22.76815931,0,4,,4,
1184,113.9202942,22.7678335,0,4,,4,
1185,113.92137,22.76854695,90,4,,4,
1186,113.9249108,22.76862502,270,1,,5,
1187,114.2947299,22.76833646,0,1,,1,
1188,114.3030111,22.76773661,180,4,,4,
1189,113.7990679,22.76906875,90,4,,4,
1190,113.8479736,22.7689876,270,1,,1,
1191,113.8516406,22.76903428,180,3,2,3,2
1192,113.868798,22.76955829,90,1,,1,
1193,113.894134,22.76955552,90,3,,3,
1194,113.8950444,22.7692207,270,2,3,2,3
1195,113.918638,22.76910668,90,4,,4,
1196,113.9240921,22.76895135,0,4,1,4,1
1197,114.2984261,22.76923717,90,5,,5,
1198,113.8207684,22.77006457,0,9,,9,
1199,113.8044558,22.77110858,0,4,,7,
1200,113.8488458,22.77168555,90,2,3,2,3
1201,113.8987109,22.77105713,180,1,,1,
1202,113.9295544,22.77089493,0,4,,4,
1203,113.7944618,22.77269868,270,9,1,9,1
1204,113.8145293,22.77253971,0,1,,1,
1205,113.8171114,22.77205572,90,1,,1,
1206,113.9204564,22.77203578,180,4,,4,
1207,114.2973499,22.77184394,0,2,1,2,1
1208,113.7953935,22.77271826,180,9,,9,
1209,113.8100156,22.77283059,270,1,,1,
1210,113.818069,22.77344477,270,1,,1,
1211,113.9024002,22.77300409,0,1,2,3,
1212,113.8480511,22.77390714,0,7,2,7,2
1213,113.8488425,22.77429336,0,5,2,5,
1214,113.8253061,22.7753246,180,7,,7,
1215,113.8479452,22.77502694,90,2,,2,
1216,113.8898561,22.77485974,0,1,,1,
1217,113.9466718,22.77542932,180,4,,4,
1218,113.795473,22.77574608,180,1,,1,
1219,114.3046228,22.77556003,90,7,,7,
1220,113.9187087,22.77693699,270,4,,4,
1221,113.8914829,22.7787712,0,2,,2,
1222,113.9343028,22.78040354,90,1,,1,
1223,114.2945735,22.78001844,0,5,1,5,
1224,113.9330663,22.78186858,0,4,,4,
1225,114.3144657,22.78176472,180,7,,7,
1226,113.8888312,22.78323917,270,2,,2,
1227,113.8877761,22.78369165,0,3,2,3,2
1228,113.8905415,22.78377369,90,7,,7,
1229,113.9060024,22.78375606,180,4,,5,
1230,113.8597289,22.78507361,180,4,,7,
1231,113.887778,22.78457445,270,7,2,7,2
1232,113.8672032,22.78598654,0,10,,10,
1233,113.8887252,22.78604669,90,1,2,1,2
1234,113.9152508,22.78564771,0,10,,10,
1235,113.8150089,22.78648269,90,3,2,4,2
1236,113.8342702,22.787276,270,7,,2,
1237,113.8570038,22.7865297,0,2,1,2,1
1238,113.8823244,22.78635343,180,2,,2,
1239,113.8570043,22.79045089,0,4,,6,
1240,113.8987467,22.7902682,270,1,,1,
1241,113.8887118,22.79185784,270,1,,1,
1242,113.8993337,22.79203235,270,2,,3,
1243,113.851489,22.79226865,0,4,,4,
1244,113.8795967,22.79284482,0,6,,4,
1245,113.8361193,22.7968719,0,1,2,1,2
1246,113.8424974,22.79603351,0,7,,7,
1247,113.8507251,22.79765525,270,9,,9,
1248,113.8433249,22.79886093,90,9,,9,
1249,113.9494377,22.79822837,270,1,4,1,
1250,113.8279128,22.7991778,180,4,,4,
1251,113.8343028,22.7995852,270,4,,6,
1252,113.8425703,22.80199591,270,1,,1,
1253,113.8604978,22.80179938,0,9,,9,
1254,113.8406277,22.80303737,0,1,,1,
1255,113.8406277,22.80303737,270,1,,1,
1256,113.8378689,22.80729594,0,1,,1,
1257,113.8735088,22.80692091,180,4,,4,
1258,113.8933186,22.80790585,90,5,,3,
1259,113.8893665,22.80984404,90,4,,4,2
1260,113.8633398,22.81234631,0,4,,6,
1261,113.8540958,22.81328833,180,4,1,2,
1262,113.8650761,22.81419549,90,4,,4,
1263,114.1160141,22.54293896,90,3,2,3,2
1264,113.9648137,22.54476995,270,2,1,1,2
1265,114.0544783,22.5438452,180,9,2,9,2
1266,114.0553874,22.54486161,0,7,,7,
1267,114.0581006,22.54402495,180,2,,2,
1268,114.0726849,22.54386533,180,9,7,7,
1269,113.9278306,22.54486604,0,2,,2,
1270,113.9296255,22.54508697,180,2,,2,
1271,114.0336492,22.54560592,0,7,,7,
1272,114.0571967,22.54545287,0,7,9,7,
1273,114.067145,22.54513686,0,5,,7,
1274,114.067145,22.54513686,180,2,4,2,
1275,113.8907346,22.54638503,90,6,,6,
1276,113.8916881,22.54580905,0,6,,6,
1277,114.1078569,22.546436,270,6,,6,
1278,114.1187079,22.5464489,180,6,,6,
1279,114.1287134,22.54572683,0,5,,5,
1280,113.9135508,22.54695542,270,5,,4,
1281,113.9480086,22.54690691,270,5,,5,
1282,114.0562897,22.54711065,0,7,,7,
1283,114.0926357,22.54688881,180,7,,8,5
1284,113.8943704,22.54839654,270,5,,5,
1285,114.0516627,22.54836261,270,2,,2,
1286,114.0564854,22.54787195,0,7,,7,
1287,114.0564854,22.54787195,180,7,,7,
1288,114.0564854,22.54787195,270,7,,7,
1289,114.0517695,22.54934813,0,7,,7,
1290,114.0517695,22.54934813,90,7,,7,
1291,114.057196,22.54942432,0,7,,7,
1292,114.057196,22.54942432,180,7,,7,
1293,114.057196,22.54942432,270,7,,7,
1294,114.0924423,22.54882955,180,5,,4,
1295,114.0924423,22.54882955,90,5,,5,
1296,113.8773207,22.54977129,270,7,,3,
1297,113.9151669,22.48769099,90,5,,1,
1298,114.0479052,22.55031103,90,6,,6,
1299,114.0490451,22.5498196,0,6,,6,
1300,113.9475747,22.55075335,0,5,,5,
1301,114.0530821,22.55080015,90,9,,9,
1302,114.0938379,22.55091373,90,7,,5,
1303,114.0988086,22.55082034,0,7,2,2,
1304,114.1270171,22.55074686,270,7,,6,
1305,113.8771331,22.55172079,90,7,,7,
1306,114.0823628,22.55208358,90,3,,3,
1307,114.0888652,22.55176617,180,5,,5,
1308,114.0897702,22.55230104,270,6,,6,
1309,114.0644382,22.55424116,270,5,,5,
1310,113.8698487,22.55456931,0,5,,5,
1311,114.0999157,22.55475897,180,6,,6,
1312,114.1160203,22.55472134,90,5,,5,
1313,113.8669646,22.55629728,180,5,,5,
1314,114.0933867,22.55576851,180,5,,5,
1315,114.1159666,22.55546245,90,5,,5,
1316,113.8789408,22.55657356,0,7,,7,
1317,113.9196719,22.55806219,0,5,,8,5
1318,114.1476351,22.55806711,270,7,,7,
1319,113.9203484,22.55854999,180,5,,5,
1320,114.0807497,22.5590224,0,6,,6,
1321,114.1223729,22.55900028,0,6,,4,
1322,113.9206464,22.55948925,0,5,,5,
1323,113.9435455,22.56001789,0,6,,2,
1324,113.9435455,22.56001789,270,6,,2,
1325,113.9649173,22.56003127,90,5,1,1,
1326,114.0798282,22.55936866,0,6,,6,
1327,114.0807362,22.55990965,90,6,,6,
1328,114.1241483,22.5600954,90,6,,3,
1329,114.1223293,22.56093924,180,6,,4,
1330,113.9151998,22.4943296,270,5,,5,
1331,113.9809076,22.56399275,90,5,,5,
1332,113.8708179,22.56480707,180,5,,5,
1333,113.8708179,22.56480707,90,6,,1,
1334,113.8723778,22.56467181,270,6,,5,
1335,113.9810917,22.56451187,90,5,,5,
1336,113.9829525,22.56469536,270,6,,6,
1337,113.91504,22.49552317,0,5,,5,
1338,113.8563102,22.56577986,90,5,,5,
1339,113.8608683,22.56530791,180,5,,5,
1340,113.8708421,22.56575649,180,6,,7,
1341,113.8970035,22.56624829,0,8,5,8,5
1342,113.8835341,22.49689756,0,5,,5,
1343,113.8626068,22.56727503,90,5,,5,
1344,114.125157,22.56725044,90,6,,6,
1345,113.9378403,22.49789802,90,5,,4,
1346,113.9377515,22.49885216,90,5,,4,
1347,113.9250944,22.57244949,90,7,,7,
1348,113.9340772,22.57261427,270,7,,7,
1349,113.9133831,22.57315458,180,5,,5,
1350,113.9336278,22.5728929,270,7,,7,
1351,113.9170693,22.49925618,0,6,,6,
1352,113.9170693,22.49925618,180,6,,2,
1353,113.9242405,22.49922041,270,8,5,8,5
1354,113.8943008,22.57462673,0,6,,6,
1355,113.9121893,22.57476752,90,5,,1,
1356,113.9233247,22.50086766,180,5,,4,
1357,114.1263059,22.57631747,270,5,,5,
1358,113.9377918,22.50096033,270,5,,1,
1359,113.9513789,22.57697189,90,7,,7,
1360,113.8464111,22.57882565,0,6,,6,
1361,113.8472749,22.57934823,270,6,,6,
1362,113.8472749,22.57934823,90,6,,6,
1363,114.1313638,22.57936672,180,6,,6,
1364,113.9377782,22.50158091,270,5,,1,
1365,113.8466551,22.58055027,180,6,,4,
1366,113.8491174,22.58226305,270,8,,8,
1367,113.8744802,22.5823007,90,6,,2,
1368,113.9440779,22.58211949,90,6,,5,
1369,113.9449921,22.58243911,0,6,,7,
1370,113.8753157,22.58277006,270,6,,6,
1371,113.8942563,22.58352171,180,5,,5,
1372,113.9440933,22.58289835,90,6,,6,
1373,113.9450497,22.5832949,180,6,,6,
1374,113.9325245,22.58427472,0,5,,1,
1375,114.1307565,22.58563446,270,5,,10,
1376,113.9747628,22.58866736,180,8,,8,
1377,113.9746284,22.58952675,0,8,,8,
1378,113.9665706,22.59086303,180,5,,2,
1379,113.9665706,22.59086303,270,5,,7,
1380,113.9732829,22.59173797,0,8,,8,
1381,113.9629182,22.59397001,270,8,5,8,
1382,113.9639989,22.59337037,90,5,,5,
1383,113.9658089,22.59336554,0,5,,5,
1384,113.9658086,22.59431636,270,5,,5,
1385,113.9658086,22.59431636,90,5,,7,
1386,114.0405466,22.59810854,180,5,,1,
1387,114.0405466,22.59810854,90,5,,4,
1388,113.8934681,22.50805747,270,5,,5,
1389,113.9286648,22.50856658,90,8,5,8,5
1390,113.8997776,22.51245564,180,5,,4,1
1391,114.0407792,22.61725894,270,5,,5,1
1392,113.930324,22.51438545,270,5,,5,
1393,113.8999227,22.51547335,0,5,1,1,
1394,113.900187,22.51650354,180,5,,5,
1395,113.900187,22.51650354,270,5,,5,
1396,114.0411187,22.51624275,90,5,,5,
1397,113.9250006,22.51827551,0,5,,2,
1398,113.9242286,22.51875655,90,5,,4,
1399,113.9295581,22.51862084,180,5,,5,
1400,113.9305214,22.51913406,270,5,,5,
1401,113.9441949,22.51906007,0,8,,7,
1402,113.9333275,22.51971477,90,7,,7,
1403,113.9432318,22.52027354,0,8,,7,
1404,114.026676,22.65774489,0,6,,4,
1405,114.0473143,22.52036018,0,5,,5,
1406,114.0508546,22.52070263,270,7,,2,
1407,114.0273047,22.65839622,270,6,,6,
1408,114.0273047,22.65839622,90,6,,6,
1409,114.0281302,22.65916735,180,6,,6,
1410,113.9226318,22.52152372,0,8,5,8,
1411,113.9459416,22.52163653,90,8,,8,
1412,114.0435653,22.5217068,270,6,,6,
1413,114.0590594,22.52286354,270,5,,5,
1414,114.0590594,22.52286354,90,5,,5,
1415,114.0401277,22.52395332,180,6,,4,
1416,114.0487695,22.52359977,90,7,,7,
1417,114.0490379,22.52440763,90,7,,7,
1418,113.946862,22.52607365,270,5,,5,
1419,114.0490415,22.52540266,180,7,,7,
1420,113.9443462,22.52691969,180,5,,5,
1421,113.9476987,22.52648874,270,5,,5,
1422,113.9900989,22.52708205,90,6,,5,
1423,114.0463335,22.52688309,270,5,,5,
1424,114.3468583,22.68954109,0,6,,7,
1425,113.9594932,22.52798917,180,5,8,8,5
1426,114.3461772,22.6900203,0,6,,6,
1427,113.9606715,22.52751646,270,5,,5,
1428,113.9606715,22.52751646,90,5,,5,
1429,113.9901867,22.52920656,270,6,,4,
1430,113.9901867,22.52920656,90,6,,1,
1431,114.0662342,22.52896299,0,7,,7,
1432,114.0662342,22.52896299,90,7,,7,
1433,113.9268987,22.52991725,270,5,,4,
1434,113.9323025,22.52980336,180,5,,7,
1435,113.9323025,22.52980336,90,5,,4,
1436,113.9341554,22.52979077,0,5,,6,
1437,113.9341554,22.52979077,270,5,,4,
1438,113.9276492,22.53040284,180,5,,5,
1439,113.9276492,22.53040284,90,5,,5,
1440,113.9287542,22.53089228,180,1,,1,
1441,113.9325242,22.5307744,90,5,,7,
1442,113.9332616,22.53047342,180,5,,7,
1443,113.9349665,22.53049461,270,5,,5,
1444,113.9386657,22.53039342,270,4,5,2,
1445,113.9395877,22.53088538,90,4,5,7,
1446,113.9649193,22.53098468,0,5,,5,
1447,113.9231938,22.53185265,90,5,,5,
1448,113.9261059,22.53148462,180,5,,4,
1449,113.9278462,22.5312858,180,5,,5,
1450,113.9304863,22.53177393,270,1,,1,
1451,113.9347976,22.53111267,0,5,,5,
1452,113.9358002,22.53184996,90,5,,4,
1453,113.9386958,22.53137434,180,4,5,2,
1454,113.9386958,22.53137434,90,4,5,5,
1455,113.9396475,22.53189135,270,4,5,2,
1456,113.9396475,22.53189135,90,4,5,4,
1457,113.9070337,22.53281811,270,5,,5,
1458,113.919761,22.53281739,270,6,,6,
1459,113.9359673,22.53289774,90,5,,1,
1460,114.0544825,22.5321438,270,7,,7,
1461,113.932509,22.53374029,0,5,,7,
1462,113.932509,22.53374029,270,5,,5,
1463,113.9394601,22.53380399,180,4,5,2,
1464,113.9394601,22.53380399,270,4,5,4,
1465,113.9305443,22.53476486,180,5,,5,
1466,113.9305443,22.53476486,90,5,,5,
1467,113.9341233,22.53472751,180,5,,5,
1468,113.9375385,22.53469375,180,1,4,1,
1469,113.9375385,22.53469375,90,4,5,6,
1470,113.93958,22.5347398,0,4,5,4,
1471,113.9295503,22.53523212,0,5,,4,
1472,113.9313824,22.53524036,180,5,,5,
1473,113.9334249,22.53541391,270,5,,7,
1474,114.0500306,22.53575302,0,2,,2,
1475,114.0500306,22.53575302,90,2,,2,
1476,113.9278632,22.53632243,90,5,,5,
1477,113.9295784,22.53628037,180,5,,5,
1478,113.9313553,22.53662485,270,5,,5,
1479,114.0560307,22.53622821,90,3,,2,
1480,113.9178757,22.5386329,0,7,,7,
1481,113.9184697,22.53822607,90,7,,7,
1482,113.9704471,22.53859844,180,8,,8,
1483,113.9704471,22.53859844,270,8,,8,
1484,113.9162217,22.53958658,0,5,,5,
1485,113.9162217,22.53958658,270,5,,5,
1486,113.9350661,22.53913929,0,8,,8,
1487,114.0526063,22.53914377,90,3,,3,
1488,114.0535753,22.53957344,270,2,3,7,2
1489,114.0544803,22.5393539,270,2,,2,
1490,113.9125403,22.48339482,270,9,7,9,
1491,114.1060109,22.53955326,90,3,,7,
1492,113.9054234,22.54076157,0,5,1,5,1
1493,113.9268974,22.48314972,0,5,1,5,1
1494,113.9307524,22.54084353,270,5,,5,
1495,113.9365236,22.53989603,180,8,,8,
1496,113.9295567,22.54091783,90,5,,5,
1497,113.9303499,22.54143192,180,5,,4,
1498,113.9063914,22.54189334,270,5,,4,
1499,114.0599074,22.54208569,0,2,7,2,
1500,114.0745401,22.54206253,180,6,1,1,
1501,113.9196869,22.54362533,0,7,,7,
1502,113.9196869,22.54362533,270,7,,7,
1503,114.0608145,22.5435453,0,7,,7,
1504,113.9151472,22.54409529,0,7,,7,
1505,113.9169677,22.54378631,0,6,,6,
1506,113.9169677,22.54378631,90,6,,6,
1507,113.9232791,22.54443128,90,7,1,5,1
1508,114.0498772,22.54447898,90,2,,7,
1509,114.0553874,22.54486161,90,7,,7,
1510,114.1006227,22.54450507,270,7,,7,
1511,113.9136361,22.54492893,270,5,,4,
1512,114.0517681,22.54542275,90,7,,7,
1513,114.0535774,22.54545769,0,7,,7,
1514,114.0535774,22.54545769,270,7,,7,
1515,114.0816145,22.5449538,180,2,,2,
1516,114.0816145,22.5449538,270,2,,2,
1517,114.1009555,22.54543341,90,3,,7,
